Luft	34743
Kammer	14863
Boden	12681
Erde	9852
Klima	8650
Witterung	6218
Wärme	6187
Wetter	6098
Atmosphäre	4734
Stellen	4696
Augen	4567
Sand	4525
Zustand	3705
Leiter	3217
Hitze	2986
Raum	2831
Tropen	2564
Tuch	2221
Kammern	2217
Orten	2185
Niederungen	2034
Kälte	2028
Böden	2009
Haut	1981
Wohnungen	1852
Jahren	1815
Hände	1702
Gegenden	1663
Räumen	1653
Thermometers	1574
Fliesspapier	1565
Raume	1511
Thermometer	1471
Papier	1452
Umgebung	1447
Standorten	1400
Nebel	1396
Element	1383
Bodens	1380
Standorte	1378
Rasseln	1352
Räume	1345
Lappen	1341
Erdreich	1291
Keller	1261
Moos	1243
Wohnung	1216
Verband	1206
Gras	1191
Verbände	1155
Jahreszeit	1153
Lehm	1145
Glanz	1126
Holz	1102
Wäldern	1035
Filtrierpapier	1019
Klimas	1016
Sommer	1011
Gebieten	999
Schwamm	986
Leiters	983
Wände	980
Stelle	979
Milieu	951
Masse	944
Luftmassen	928
Oberfläche	928
Tücher	913
Lage	889
Orte	884
Ton	881
Grund	871
Tüchern	869
Wiese	856
Wänden	851
Dunst	839
Untergrund	832
Periode	812
Winde	800
Körper	795
Händen	789
Hand	789
Watte	770
Mauern	769
Zunge	757
Brand	744
Einpackungen	728
Kellern	721
Verbänden	708
Wind	695
Erdboden	683
Leitern	680
Schicht	666
Gebiete	637
Auge	632
Standort	631
Beschaffenheit	626
Jahre	623
Unterlage	609
Umschlägen	602
Getreide	600
Substanz	579
Glocke	577
Wege	571
Elektroden	567
Nacht	560
Gangrän	557
Substrat	554
Winter	552
Haar	547
Klimaten	532
Grunde	530
Schlamm	530
Perioden	524
Wand	506
Tropenklima	499
Stroh	494
Kühle	490
Blick	484
Niederung	483
Schimmer	480
Medium	479
Fleck	479
Finger	478
Flächen	477
Bedingungen	476
Laub	471
Waldboden	462
Wäsche	457
Zone	456
Niederschläge	446
Dünste	443
Sägespänen	436
Wälder	436
Stirn	430
Niederschlag	429
Material	428
Kompressen	426
Jahr	426
Tagen	421
Lagerung	420
Sägemehl	415
Sommern	410
Fläche	410
Schwingen	405
Einpackung	399
Wald	398
Thon	392
Ort	391
Plätzen	389
Land	378
Gelände	372
Schnee	371
Flecken	363
Fingern	356
Dampf	347
Zimmer	346
Seeluft	333
Stärke	329
Temperatur	327
Sandboden	326
Zeit	321
Kehricht	318
Form	318
Faden	317
Reinigung	316
Mauerwerk	316
Dämpfe	315
Tuche	315
Moose	312
Natur	312
Rasen	308
Schnur	302
Auges	302
Gebiet	298
Schleier	297
Lehmboden	295
Nase	295
Elemente	291
Filtrirpapier	284
Ländern	284
Torf	284
Gewebe	284
Schatten	284
Seewinde	284
Tiefe	281
Wundbehandlung	280
Pinsel	278
Luftstrom	276
Meeresluft	274
Schluchten	267
Gründen	267
Hauch	264
Leinwand	264
Blätter	264
Handtuch	260
Wetters	257
Schwüle	256
Mauer	255
Compressen	253
Sandes	250
Schwämme	248
Dünsten	245
Frühjahr	244
Umschlag	242
Brande	242
Leder	241
Nachtluft	241
Belag	240
Brot	239
Behandlung	236
Steinen	236
Kohle	233
Gaze	232
Gas	231
Membranen	231
Grab	229
Höhle	229
Filterpapier	228
Grase	227
Thälern	226
Weib	224
Sägespäne	221
Elements	218
Streifen	217
Klimate	216
Blättern	216
Loch	216
Packungen	215
Schleimhaut	213
Nebeln	213
Kleidung	211
Mulden	211
Tälern	211
Schwamme	209
Gegend	208
Herbst	208
Schwämmen	207
Husten	206
Kompresse	204
Monate	204
Hülle	202
Kleidern	202
Tage	202
Gasen	201
Kellerwohnungen	197
Elementes	195
Farbe	195
Sauerstoff	195
Ebene	191
Seeklima	188
Heu	188
Glanze	187
Stickstoff	187
Lande	186
Geruch	186
Membran	185
Kohlensäure	183
Wintern	181
Schnauze	179
Gartenerde	179
Getreides	178
Stoff	176
Platte	176
Zelle	174
Grün	173
Dreck	173
Löschpapier	173
Compresse	172
Norden	171
Terrain	170
Tropengebieten	169
Brandes	169
Nahrung	168
Seite	167
Luftströmungen	167
Urwäldern	166
Gestein	164
Gewölbe	162
Präparat	159
Elektrode	158
Kellerräumen	158
Medien	155
Urwald	155
Höhlen	154
Zimmern	154
Wattebausch	154
Silberoxyd	151
Ufer	151
Niederschlägen	151
Zeiten	151
Putz	150
Beton	147
Deposition	147
Thäler	147
Blutschorf	146
Dunkel	144
Kellerwohnung	143
Wolle	143
Atem	142
Pappe	142
Luftschichten	142
Ausdünstungen	141
Gründe	141
Probe	141
Laken	141
Luftschicht	140
Staub	139
Holze	139
Präparate	139
Spur	137
Gesicht	136
Nächten	135
Substraten	135
Flecke	134
Westwinde	134
Holzes	134
Theile	132
Stoffen	131
Duft	130
Mörtel	129
Verbandes	129
Ebenen	128
Mund	128
Fäden	127
Pulver	127
Monaten	127
Lokalitäten	126
Gräben	126
Blase	126
Walde	125
Kasematten	125
Stein	124
Waschlappen	123
Decke	122
Rhonchi	121
Teilen	119
Bereich	119
Subtropen	119
Asche	117
Waldstellen	116
Kerker	116
Kuss	115
Waldungen	114
Löchern	113
Futter	112
Schwammes	111
Strasse	111
Einwicklungen	111
Teile	111
Materials	111
Proben	111
Dämpfen	110
Körpers	110
Fadens	110
Tag	108
Ausdünstung	107
Plätze	107
Wiesengrund	106
Körpern	106
Teil	105
Aufbewahrung	105
Gegenstände	104
Filter	104
Aussprache	103
Gases	103
Abreibungen	102
Häusern	101
Brei	101
Taschentuch	100
Baum	99
Wimpern	98
Baumwolle	98
Blatt	97
Traum	97
Gewölben	97
Waldes	97
Kasten	96
Jahrgängen	96
Massen	96
Wasserstoff	96
Watten	95
Haaren	95
Strassen	94
Umgebungen	92
Charakter	92
Kellerluft	91
Geweben	91
Stück	91
Garten	91
Packung	91
Untergrunde	90
Papiers	90
Tupfern	89
Humus	89
Sphagnum	89
Pflaster	88
Sägespähnen	88
Lackmuspapier	88
Gegenständen	88
Bodenschichten	87
Bodenarten	86
Asepsis	85
Localitäten	84
Morgen	83
Theilen	83
Substrate	83
Urwälder	82
Aussehen	81
Verfahren	79
Fibrin	79
Täler	79
Raumes	79
Sachen	79
Asphalt	78
Osten	78
Präparaten	78
Verhältnissen	78
Baume	77
Haus	76
Sommers	76
Thale	76
Süd	76
Tupfer	76
Wange	76
Himmel	75
Süden	74
Decken	74
Gewächshaus	74
Untergrundes	74
Wundmilieu	74
Iahreszeit	74
Abend	73
Salz	73
Stoffe	73
Bergwäldern	73
Rippenfellentzündung	72
Clima	72
Flussniederungen	72
Feldern	72
Strähnen	72
Bogen	72
Standortes	71
Torfmull	71
Pampa	71
Graben	70
Ware	70
Ställen	70
Tropenwäldern	70
Abhängen	69
Bereichen	69
Dämmerung	68
Weite	68
Dunstes	68
Erdbodens	67
Iahren	67
Schmutz	67
Biotopen	66
Küssen	66
Bäumen	66
Bodenverhältnissen	66
Ackererde	65
Klimazonen	65
Seewinden	65
Tiefland	65
Fleisch	64
Umhüllung	64
Warmluft	64
Hängen	63
Platz	63
Pflanzen	63
Spiegel	63
Tropenländern	63
Handtüchern	63
Kellerraum	63
Tropengegenden	62
Frühling	62
Schleimhäuten	62
Variante	62
Küstengebieten	61
Rand	61
Klumpen	61
Stufen	61
Chlor	60
Wasser	60
Senke	60
Mondesstrahlen	59
Küsten	59
Glocken	58
Küstenklima	58
Lehms	58
Mantel	58
Fussboden	57
Dunkelheit	57
Schlucht	57
Tropenwälder	56
Waldgebieten	55
Binde	55
Raumluft	55
Waldwiesen	55
Glasglocke	54
Gang	54
Schoss	54
Schwaden	54
Mooses	54
Winkel	54
Landschaften	54
Acker	54
Fliesspapiers	54
Substrates	54
Säcken	54
Samen	53
Laubwäldern	53
Milieus	53
Lager	53
Kulturen	53
Wandungen	53
Händedruck	53
Felswänden	53
Niederschlages	53
Nächte	53
Bett	53
Höhen	52
Gelatine	52
Kerkern	52
Verbande	52
Wolke	52
Grotten	52
Rückstand	52
Erdschicht	52
Bergwälder	52
Einwicklung	52
Handtücher	51
Savannen	51
Betten	51
Ufersand	51
Papieres	50
Wohnräumen	50
Erdreichs	50
Schlammes	50
Zimmerluft	50
Nordwesten	49
Dunste	49
Waldbodens	48
Grundes	48
Schmelz	48
Kellergeschosse	48
Flügel	48
Gebirge	48
Einwickelungen	48
Küstengegenden	48
Blicke	47
Gürtel	47
Klimabedingungen	47
Rändern	47
Materialien	47
Warme	47
Klamotten	46
Moor	46
Grabe	46
Wiesengründen	46
Glut	46
Region	46
Tropenklimas	46
Regenwald	45
Weg	45
Windzug	45
Strand	45
Jahres	45
Wohnräume	45
Blicken	44
Gänge	44
Blickes	44
Zustandes	44
Westwinden	44
Sommermonaten	44
Filtrierpapiers	44
Kalk	43
Grube	43
Winters	43
Nebels	43
Gängen	43
Landes	43
Mehl	43
Stallungen	43
Ecken	43
Niederschlage	42
Rücken	42
Tropenluft	42
Urwaldes	42
Südwinde	41
Bodenstellen	41
Thonboden	41
Rinde	41
Gemenge	40
Finsternis	40
Auen	40
Abendluft	40
Grases	40
